route_id,route_short_name,route_name,area,length_mi,n_stops,stops_per_mi,weekday_trips,revenue_hrs,center_lat,center_lon,period,headway_mean,headway_median,headway_std,headway_min,headway_max,headway_count,headway_cv
26903,1,Joseph E. Lowery Blvd / 17th St,JOSEPH E LOWERY BLVD NW @ NEAL ST NW,6.02,68,11.3,116,54.7,33.7672261764706,-84.41265564705883,post,20.0,20.0,0.0,20.0,20.0,114,0.0
26904,2,Donald Lee Hollowell/Ponce de Leon,DONALD L HOLLOWELL PKWY @ JOSEPH E LOWERY BLVD,10.77,137,12.7,216,144.7,33.773714,-84.41698594890511,post,14.6,10.0,5.5,7.0,30.0,166,0.38
26905,3,Martin Luther King Jr Drive,HAMILTON E HOLMES DR @ HARVEL DR NW,12.08,191,15.8,77,67.2,33.75879232984293,-84.4636324921466,post,40.2,30.0,14.3,30.0,61.0,56,0.36
26906,4,Moreland Avenue,MORELAND AVE SE @ VILLAGE CREEK LNDG,6.24,76,12.2,79,28.5,33.72268007894737,-84.35166705263158,post,30.0,30.0,1.9,24.0,35.0,77,0.06
26907,5,Piedmont Rd / Sandy Springs,ROSWELL RD NE @ MYSTIC PL NE,9.5,99,10.4,123,82.2,33.882096363636364,-84.37490987878789,post,20.0,20.0,0.8,15.0,25.0,121,0.04
26908,7,Boulevard / McDonough Boulevard,HILL ST SE @ WOODWARD AVE SE,14.67,157,10.7,80,91.7,33.74455954140127,-84.37377868789808,post,30.0,30.0,0.0,30.0,30.0,78,0.0
26909,10,AUC / Hollywood Road,W LAKE AVE NW @ CARLISLE ST NW,11.27,156,13.8,79,68.2,33.76602075,-84.43596556410256,post,30.0,30.0,2.2,21.0,41.0,77,0.07
26910,11,Defoor Avenue / Virginia Highland,N HIGHLAND AVE @ MORNINGSIDE DR,12.6,175,13.9,77,82.7,33.79579976,-84.36559014285714,post,30.0,30.0,3.0,13.0,42.0,75,0.1
26911,12,Howell Mill Road,HOWELL MILL RD NW @ NORTHCLIFFE DR,10.11,86,8.5,78,57.0,33.81768412790698,-84.42017299999999,post,29.9,30.0,2.2,23.0,38.0,76,0.07
26912,14,Blandtown / Hightower Road,ELLSWORTH INDUSTRIAL BLVD @ 1320,11.41,145,12.7,80,57.2,33.791520227586204,-84.44686859310345,post,30.0,30.0,0.8,25.0,35.0,78,0.03
26913,15,Clifton Road / Candler Road,S CANDLER ST @ E DOUGHERTY ST,12.91,181,14.0,150,149.3,33.76590038674033,-84.30391655801104,post,15.7,15.0,2.6,6.0,29.0,148,0.17
26914,17,Clairmont Rd / North Druid Hills Rd,CLAIRMONT RD @ MCCONNELL DR,8.85,92,10.4,79,50.4,33.81077480434784,-84.31708770652172,post,29.9,30.0,2.3,21.0,41.0,77,0.08
26915,20,South DeKalb / Downtown Atlanta,CANDLER RD @ H F SHEPHERD DR,13.34,76,5.7,140,72.0,33.72109859210526,-84.28625935526316,post,20.4,15.0,7.7,4.0,45.0,114,0.38
26916,21,Memorial Drive ITP,MEMORIAL DR @ PALATKA ST SE,11.64,123,10.6,75,51.8,33.7489413902439,-84.32192984552847,post,31.2,30.0,3.8,25.0,41.0,73,0.12
26917,22,Glenwood,GLENWOOD AVE SE @ QUILLIAN AVE,15.12,161,10.6,78,69.7,33.74335452795031,-84.29681259006212,post,31.2,30.0,3.8,24.0,43.0,76,0.12
26918,23,Peachtree Road / Buckhead,PEACHTREE RD @ HIGHLAND DR,10.75,126,11.7,120,91.2,33.83908407142857,-84.36537723015873,post,26.6,20.0,9.6,20.0,48.0,88,0.36
26919,26,James Jackson Pkwy / Perry Blvd,JAMES JACKSON PKWY @ CREEKSIDE DR NW,10.02,127,12.7,82,49.0,33.78876720472441,-84.46362680314962,post,30.0,30.0,1.0,25.0,34.0,80,0.03
26920,32,Bouldercrest Road,BOULDERCREST RD SE @ CLIFTON CHURCH RD SE,13.45,140,10.4,59,39.1,33.70050612142857,-84.30561819285714,post,40.0,40.0,1.5,35.0,46.0,57,0.04
26921,34,2nd Avenue / Clifton Springs Road,2ND AVE @ TILSON RD,9.11,116,12.7,58,31.0,33.719030224137924,-84.29917267241379,post,40.0,40.0,2.0,34.0,52.0,56,0.05
26922,39,Buford Highway,BUFORD HWY NE @ 3700,7.99,85,10.6,156,101.8,33.85485082352941,-84.31935123529412,post,15.8,15.0,1.8,15.0,20.0,154,0.11
26923,42,McDaniel Street / Pryor Road,PRYOR ST SW @ DOANE ST SW,8.22,76,9.2,80,40.9,33.72931423684211,-84.39512893421052,post,29.9,30.0,0.8,25.0,33.0,78,0.03
26924,46,I-85 Access Road / Briarwood,BRIARWOOD RD NE @ BUFORD HWY NE,4.81,42,8.7,56,14.1,33.84559185714285,-84.32485407142858,post,40.4,40.0,2.2,36.0,52.0,54,0.05
26925,48,I-85 Access Road / North Brookhaven,CLAIRMONT RD @ DYER CIR,10.34,87,8.4,39,29.2,33.88055688505747,-84.30828086206897,post,59.7,60.0,2.4,48.0,64.0,37,0.04
26926,49,McDonough Boulevard / Hill Street,ENGLEWOOD AVE SE @ GAULT ST SE,8.19,82,10.0,113,69.9,33.72682015853659,-84.36953369512194,post,20.1,20.0,0.9,17.0,25.0,111,0.04
26927,51,Joseph E. Boone / Ralph McGill,JOSEPH E BOONE BLVD @ VINE ST NW,9.04,116,12.8,124,87.4,33.76363503448275,-84.4075418534483,post,20.0,20.0,1.2,14.0,26.0,122,0.06
27015,52,Marietta Road,CARROLL DR NW @ ANNIE ST NW,5.57,50,9.0,38,11.2,33.80046772,-84.44170494,post,60.2,60.0,1.7,55.0,66.0,36,0.03
26928,55,Jonesboro Road,JONESBORO RD SE @ CLEVELAND AVE SE,12.48,126,10.1,92,69.9,33.68474188888888,-84.37156292857141,post,25.1,25.5,4.9,19.0,33.0,90,0.2
26929,66,Brownlee Road / Harbin Road,CASCADE RD SW @ ADAMS DR SW,8.41,100,11.9,60,27.4,33.719588800000004,-84.48895917,post,40.0,40.0,1.3,35.0,45.0,58,0.03
26930,67,Peyton Place,PEYTON PL SW @ 99,2.85,18,6.3,29,4.4,33.750647944444445,-84.47688144444444,post,40.0,40.0,0.3,39.0,41.0,28,0.01
27020,68,Donnelly Avenue / Beecher,BEECHER ST @ S GORDON ST,4.79,59,12.3,38,12.0,33.732540050847454,-84.44535137288136,post,60.0,60.0,0.4,59.0,61.0,36,0.01
26931,71,Cascade Road,CASCADE RD SW @ SHANTER TRL SW,13.3,119,8.9,123,65.3,33.727760201680674,-84.49531631092438,post,24.0,20.0,8.0,15.0,45.0,100,0.33
26932,73,Fulton Industrial Boulevard,FULTON INDUSTRIAL BLVD @ ROBINSON DR,10.97,94,8.6,157,86.8,33.74812931914893,-84.53226086170213,post,15.8,15.0,1.8,14.0,20.0,155,0.11
26933,74,Flat Shoals Road,FLAT SHOALS RD @ CLIFTON CHURCH RD SE,15.39,156,10.1,60,58.9,33.70129052564102,-84.30334006410256,post,40.0,40.0,2.1,32.0,47.0,58,0.05
27027,75,Lawrenceville Highway,NORTHLAKE PKWY @ LAWRENCEVILLE HWY,17.37,165,9.5,79,74.3,33.828843781818186,-84.23957347272727,post,30.0,30.0,0.0,30.0,30.0,77,0.0
26934,78,Cleveland Avenue,CLEVELAND AVE SW @ DEARWOOD DR SW,5.61,55,9.8,158,54.4,33.681457981818184,-84.40435047272726,post,15.8,15.0,1.8,15.0,20.0,156,0.11
26935,79,Sylvan Road / Hapeville,SPRINGDALE RD @ BROOKDALE DR,5.93,76,12.8,75,28.4,33.68670321052631,-84.41593455263158,post,30.0,30.0,0.7,26.0,32.0,73,0.02
26936,80,Headland Drive / Sandtown,CAMPBELLTON RD SW @ KIMBERLY RD,15.06,129,8.6,40,34.8,33.694987992248066,-84.52083375968992,post,60.1,60.0,2.1,53.0,64.0,38,0.03
26937,81,Venetian Hills,WESTMONT RD SW @ 1420,6.85,109,15.9,58,27.2,33.71605220183486,-84.43715170642201,post,40.0,40.0,0.0,40.0,40.0,56,0.0
26938,83,Campbellton Road,CAMPBELLTON RD SW @ WELLS DR SW,6.52,81,12.4,159,65.8,33.70049230864197,-84.47058048148149,post,15.8,15.0,2.0,11.0,21.0,157,0.13
26939,84,Washington/Camp Creek Marketplace,WASHINGTON RD @ REDWINE RD,7.86,77,9.8,153,69.3,33.65740710389611,-84.48036835064934,post,15.7,15.0,1.9,12.0,22.0,151,0.12
26940,85,Roswell,ATLANTA ST @ CHATTAHOOCHEE CIR,9.88,76,7.7,58,34.1,34.01814056578947,-84.34705418421053,post,40.0,40.0,2.1,33.0,47.0,56,0.05
26941,87,Roswell Road / Dunwoody,NORTH SPRINGS STATION - BAY G,13.47,120,8.9,80,68.7,33.946449933333334,-84.36381221666667,post,29.9,30.0,1.0,25.0,35.0,78,0.03
26942,88,Dunwoody Village / Georgetown,DUNWOODY PARK @ CHAMBLEE DUNWOODY RD,9.02,85,9.4,40,27.6,33.92555910588236,-84.31743064705883,post,60.0,60.0,1.2,55.0,65.0,38,0.02
26943,89,Old National Highway,FLAT SHOALS RD @ HEMPERLEY RD,12.59,152,12.1,162,96.8,33.585355335526316,-84.47781678289475,post,20.0,15.0,7.4,7.0,35.0,120,0.37
26944,95,Metropolitan Parkway,METROPOLITAN PKWY SW @ CLAIRE DR SW,5.06,59,11.7,146,49.5,33.71094388135594,-84.40900633898306,post,15.6,15.0,1.7,14.0,20.0,144,0.11
26945,96,Dogwood Drive / Virginia Avenue,VIRGINIA AVE @ NORMAN BERRY DR,7.49,95,12.7,119,59.6,33.66594031578947,-84.4272240631579,post,20.0,20.0,0.8,16.0,24.0,117,0.04
26946,104,Winters Chapel Road,PEELER RD @ EDISON RD,8.07,66,8.2,58,26.1,33.93431343939393,-84.28178868181817,post,40.0,40.0,0.0,40.0,40.0,56,0.0
26947,109,Peachcrest Road / Columbia Drive,COLUMBIA DR @ IRISH LN,8.75,113,12.9,78,35.9,33.72698870796461,-84.25576923008849,post,30.0,30.0,1.0,24.0,35.0,76,0.03
26948,111,South Hairston Rd/Wesley Chapel Rd,WESLEY CHAPEL RD @ S HAIRSTON RD,12.85,112,8.7,58,39.8,33.7217586875,-84.22381802678572,post,40.1,40.0,1.9,33.0,47.0,56,0.05
26949,114,Columbia Dr / Snapfinger Woods Dr,NEW SNAPFINGER WOODS DR @ 4325,15.88,180,11.3,77,77.6,33.726354827777776,-84.21065741666666,post,30.0,30.0,0.0,30.0,30.0,75,0.0
26950,115,Covington Highway,COVINGTON HWY @ HIDDEN CHASE,15.58,137,8.8,117,100.5,33.733873270073,-84.18566214598539,post,20.0,20.0,1.4,12.0,26.0,115,0.07
26951,116,Redan Road,REDAN RD @ REDAN CIR,13.35,129,9.7,78,53.4,33.746827736434106,-84.16765627131784,post,30.1,30.0,1.1,27.0,35.0,76,0.04
26952,117,Stone Mountain / Panola Road,PANOLA RD @ ROCKMOOR DR,9.94,96,9.7,76,46.1,33.75172097916666,-84.16715077083335,post,31.3,30.0,3.9,22.0,46.0,74,0.12
26953,118,Rockbridge Road,ROCKBRIDGE RD @ SAFARI CIR,13.22,147,11.1,77,57.0,33.793334959183674,-84.22670459183672,post,30.0,30.0,0.5,28.0,32.0,75,0.02
26954,119,Hairston Road,REDAN RD @ ALLGOOD RD,8.05,76,9.4,76,31.7,33.77576102631579,-84.21102496052633,post,30.0,30.0,0.0,30.0,30.0,74,0.0
26955,120,East Ponce De Leon Avenue,E PONCE DE LEON AVE @ CREEKDALE DR,7.66,86,11.2,81,35.4,33.800945418604655,-84.24974395348836,post,29.9,30.0,1.7,20.0,36.0,79,0.06
26956,121,Memorial Drive OTP / Pleasantdale,CHAMBLEE TUCKER RD @ LAVISTA RD,16.51,177,10.7,155,101.2,33.84928246892655,-84.22400916949154,post,21.0,15.0,8.2,10.0,42.0,114,0.39
26958,125,Clarkston / Embry Hills,LAVISTA RD @ HENDERSON MILL RD,14.84,173,11.7,80,71.4,33.841440936416184,-84.25357379768786,post,30.0,30.0,0.0,30.0,30.0,78,0.0
26959,127,Winn Way,WINN WAY @ 341,1.28,23,17.9,58,6.4,33.78547708695652,-84.28022113043478,post,40.0,40.0,0.4,38.0,42.0,56,0.01
27030,128,Valley Brook Road,N DECATUR RD @ 2920,3.57,39,10.9,58,14.1,33.794077538461536,-84.27391825641025,post,40.0,40.0,0.9,36.0,45.0,56,0.02
26960,132,Tilly Mill Road,N PEACHTREE RD @ DUNWOODY XING,6.08,65,10.7,39,13.5,33.92327595384616,-84.30010504615386,post,60.2,60.0,1.5,57.0,64.0,37,0.02
26961,140,North Point Parkway,WESTSIDE PKWY @ AVALON WAY,16.98,91,5.4,113,98.6,34.067815714285715,-84.27378763736264,post,26.5,20.0,9.7,15.0,46.0,83,0.37
26963,162,Stanton Road / Alison Court,STANTON RD SW @ MARCEL AVE,3.38,45,13.3,122,25.4,33.707452222222216,-84.44436568888888,post,20.0,20.0,0.4,18.0,22.0,120,0.02
26964,165,Fairburn Road / Camp Creek Parkway,MT GILEAD RD SW @ MEADOWLANE DR SW,17.66,185,10.5,82,83.7,33.69716377297297,-84.49821944324324,post,30.0,30.0,1.7,21.0,38.0,80,0.06
26965,178,Mount Zion Road,MT ZION RD SW @ HIGHBURY TRAIL SW,7.0,46,6.6,78,22.7,33.67193332608696,-84.39185693478261,post,30.0,30.0,0.2,29.0,31.0,76,0.01
26966,180,Roosevelt Highway,ROOSEVELT HWY @ DIXIE LAKE RD,21.21,138,6.5,78,59.4,33.584976876811595,-84.55204476811593,post,40.0,30.0,14.3,30.0,62.0,57,0.36
26967,182,South Fulton Parkway,CAMPBELLTON FAIRBURN RD @ VICKERS RD,17.5,45,2.6,39,32.1,33.59363126666668,-84.56867482222222,post,60.0,60.0,2.1,54.0,66.0,37,0.04
26968,184,Buffington Road,BUFFINGTON RD @ FLAT SHOALS RD,9.69,42,4.3,79,41.6,33.58652414285715,-84.51005907142856,post,30.1,30.0,0.8,28.0,34.0,77,0.03
26969,185,Alpharetta,S MAIN ST @ WILLS RD,16.1,96,6.0,58,53.9,34.06142378125,-84.31009485416668,post,40.1,40.0,2.9,28.0,55.0,56,0.07
26970,187,Godby Road / Sullivan Road,BEST RD @ T OWEN SMITH BLVD,7.97,31,3.9,61,26.3,33.62762232258065,-84.45974238709678,post,19.9,20.0,0.9,15.0,22.0,60,0.05
26971,189,Scofield Road / Creel Road,OLD NATIONAL HWY @ BURDETT RD,12.04,96,8.0,40,25.2,33.59360561458333,-84.48013959375,post,60.0,60.0,1.6,55.0,64.0,38,0.03
26972,191,Riverdale / ATL Intl Terminal,LAMAR HUTCHESON PKWY @ ROBERTS DR,22.09,118,5.3,53,64.4,33.565532525423734,-84.40762217796613,post,45.1,45.0,1.2,41.0,49.0,51,0.03
26973,192,Old Dixie / Tara Blvd,OLD DIXIE RD @ BRECKEN RIDGE,13.89,89,6.4,44,36.0,33.60088297752809,-84.39017611235954,post,53.8,60.0,7.9,40.0,65.0,42,0.15
26974,193,Morrow / Jonesboro,FOREST PKWY @ GOVERNORS DR,20.04,172,8.6,78,75.7,33.596048093023256,-84.37311428488373,post,30.1,30.0,3.7,22.0,40.0,76,0.12
26975,194,Conley Road / Mount Zion,SR 42 @ HOLLAND PARK DR,17.6,100,5.7,58,43.7,33.6110702,-84.33108785,post,40.0,40.0,1.7,34.0,46.0,56,0.04
26976,195,Forest Parkway,FOREST PKWY @ GA-85,15.85,90,5.7,39,30.2,33.62093117777778,-84.39958608888888,post,60.4,60.0,2.6,54.0,68.0,37,0.04
26977,196,Upper Riverdale,SR 85 @ BRIAR HILL LN,12.57,79,6.3,95,72.4,33.586289215189865,-84.40371373417723,post,27.2,30.0,6.2,15.0,36.0,84,0.23
26978,197,Battle Creek Road,BATTLE CREEK RD @ OLD MORROW RD,11.31,87,7.7,38,25.0,33.55930068965518,-84.34632680459771,post,60.1,60.0,1.0,56.0,64.0,36,0.02
26979,198,Southlake Parkway,SR 138 @ TARA BLVD,8.14,59,7.2,38,17.2,33.550273915254245,-84.36608022033899,post,60.0,60.0,1.9,53.0,67.0,36,0.03
26980,800,Lovejoy,TARA BLVD @ BRIDGEPORT LN,16.33,43,2.6,18,13.7,33.45988081395349,-84.33209918604652,post,60.0,60.0,0.0,60.0,60.0,17,0.0
27457,A,Rapid A Line,SUMMERHILL,2.29,14,6.1,200,41.9,33.73920557142858,-84.388951,post,12.1,12.0,3.1,9.0,20.0,198,0.26
