station_complex_id,station_complex,borough,ridership,transfers,lat,lon,daily_avg,transfer_ratio
611,"Times Sq-42 St/Port Authority Bus Terminal (1,2,3,7,A,C,E,N,Q,R,W,S)",Manhattan,2596308.0,28672.0,40.755745,-73.98758,136647.7894736842,0.011
610,"Grand Central-42 St (4,5,6,7,S)",Manhattan,1978925.0,22321.0,40.75199,-73.977356,104153.94736842105,0.011
607,"34 St-Herald Sq (B,D,F,M,N,Q,R,W)",Manhattan,1435243.0,20647.0,40.74964,-73.987885,75539.1052631579,0.014
602,"14 St-Union Sq (4,5,6,L,N,Q,R,W)",Manhattan,1389899.0,41639.0,40.735065,-73.99042,73152.57894736843,0.03
164,"34 St-Penn Station (A,C,E)",Manhattan,1145536.0,9072.0,40.75229,-73.99339,60291.36842105263,0.008
628,"Fulton St (2,3,4,5,A,C,J,Z)",Manhattan,1053132.0,4103.0,40.71009,-74.007835,55428.0,0.004
614,"59 St-Columbus Circle (1,A,C,B,D)",Manhattan,989251.0,23340.0,40.768272,-73.981834,52065.84210526316,0.024
318,"34 St-Penn Station (1,2,3)",Manhattan,982923.0,14537.0,40.750374,-73.99106,51732.78947368421,0.015
616,"Jackson Hts-Roosevelt Av/74 St-Broadway (7,E,F,M,R)",Queens,823448.0,125978.0,40.746746,-73.891365,43339.36842105263,0.153
447,Flushing-Main St (7),Queens,810090.0,306970.0,40.7596,-73.83003,42636.31578947369,0.379
612,"Lexington Av/51-53 Sts (6,E,F)",Manhattan,787113.0,10218.0,40.757328,-73.97049,41427.0,0.013
624,"Chambers St/WTC/Park Place/Cortlandt St (2,3,A,C,E,R,W)",Manhattan,775784.0,11563.0,40.712605,-74.00955,40830.73684210526,0.015
167,"W 4 St-Wash Sq (A,C,E,B,D,F,M)",Manhattan,731115.0,3943.0,40.732338,-74.000496,38479.73684210526,0.005
225,"47-50 Sts-Rockefeller Ctr (B,D,F,M)",Manhattan,707107.0,3570.0,40.758663,-73.98133,37216.15789473684,0.005
609,"42 St-Bryant Pk/5 Av (7,B,D,F,M)",Manhattan,705317.0,10591.0,40.75402,-73.98327,37121.94736842105,0.015
618,"14 St/8 Av (A,C,E,L)",Manhattan,679586.0,10274.0,40.740334,-74.00214,35767.68421052631,0.015
601,"14 St/6 Av (1,2,3,L,F,M)",Manhattan,674761.0,16522.0,40.737797,-73.997734,35513.73684210526,0.024
623,"Canal St (6,J,Z,N,Q,R,W)",Manhattan,659553.0,25073.0,40.7187,-74.00058,34713.31578947369,0.038
613,"Lexington Av/59 St (4,5,6,N,R,W)",Manhattan,652891.0,79774.0,40.762592,-73.96761,34362.68421052631,0.122
619,"Broadway-Lafayette St/Bleecker St (6,B,D,F,M)",Manhattan,627572.0,3718.0,40.725605,-73.99543,33030.10526315789,0.006
397,"86 St (4,5,6)",Manhattan,611306.0,32724.0,40.77949,-73.95559,32174.0,0.054
617,"Atlantic Av-Barclays Ctr (2,3,4,5,B,D,N,Q,R)",Brooklyn,601297.0,18213.0,40.684162,-73.97779,31647.21052631579,0.03
120,Bedford Av (L),Brooklyn,588190.0,6402.0,40.717304,-73.95687,30957.36842105263,0.011
313,"72 St (1,2,3)",Manhattan,557181.0,12838.0,40.778454,-73.98197,29325.315789473683,0.023
9,"57 St-7 Av (N,Q,R,W)",Manhattan,503349.0,13089.0,40.764664,-73.98066,26492.052631578947,0.026
310,"96 St (1,2,3)",Manhattan,496666.0,19686.0,40.79392,-73.97232,26140.315789473683,0.04
636,"Jay St-MetroTech (A,C,F,R)",Brooklyn,491132.0,25218.0,40.69226,-73.98664,25849.052631578947,0.051
625,"Delancey St-Essex St (F,M,J,Z)",Manhattan,467438.0,10579.0,40.718464,-73.98778,24602.0,0.023
119,1 Av (L),Manhattan,427903.0,13278.0,40.730953,-73.98163,22521.21052631579,0.031
10,"49 St (N,R,W)",Manhattan,414253.0,1975.0,40.7599,-73.98414,21802.78947368421,0.005
477,72 St (Q),Manhattan,412807.0,4997.0,40.7688,-73.95843,21726.684210526317,0.012
279,"Sutphin Blvd-Archer Av-JFK Airport (E,J,Z)",Queens,410289.0,57874.0,40.700485,-73.80797,21594.157894736843,0.141
604,"161 St-Yankee Stadium (4,B,D)",Bronx,399626.0,30564.0,40.82795,-73.92574,21032.947368421053,0.076
606,"Court Sq-23 St (7,E,F,G)",Queens,394315.0,20230.0,40.747143,-73.94503,20753.42105263158,0.051
398,77 St (6),Manhattan,382611.0,11104.0,40.77362,-73.95988,20137.42105263158,0.029
635,"Whitehall St-South Ferry (1,R,W)",Manhattan,375928.0,60924.0,40.702576,-74.01333,19785.684210526317,0.162
471,34 St-Hudson Yards (7),Manhattan,374263.0,1749.0,40.755882,-74.00191,19698.052631578947,0.005
153,"125 St (A,C,B,D)",Manhattan,371576.0,24306.0,40.811108,-73.95235,19556.63157894737,0.065
403,33 St (6),Manhattan,369316.0,10376.0,40.746082,-73.98208,19437.684210526317,0.028
620,"Borough Hall/Court St (2,3,4,5,R)",Brooklyn,367744.0,8047.0,40.69324,-73.99064,19354.947368421053,0.022
261,"Forest Hills-71 Av (E,F,M,R)",Queens,365710.0,76801.0,40.72169,-73.84452,19247.894736842107,0.21
405,23 St-Baruch College (6),Manhattan,359598.0,12902.0,40.739864,-73.9866,18926.21052631579,0.036
476,86 St (Q),Manhattan,358949.0,8579.0,40.77789,-73.95179,18892.052631578947,0.024
278,"Jamaica Center-Parsons/Archer (E,J,Z)",Queens,357969.0,158535.0,40.70215,-73.80111,18840.473684210527,0.443
316,50 St (1),Manhattan,355267.0,2364.0,40.761726,-73.98385,18698.263157894737,0.007
228,"23 St (F,M)",Manhattan,353983.0,6864.0,40.742878,-73.99282,18630.684210526317,0.019
451,Junction Blvd (7),Queens,352696.0,12881.0,40.749146,-73.86953,18562.947368421053,0.037
622,"Brooklyn Bridge-City Hall/Chambers St (4,5,6,J,Z)",Manhattan,352554.0,2412.0,40.713154,-74.00377,18555.473684210527,0.007
162,"50 St (C,E)",Manhattan,346210.0,2681.0,40.762455,-73.985985,18221.57894736842,0.008
399,68 St-Hunter College (6),Manhattan,335704.0,12255.0,40.768143,-73.96387,17668.63157894737,0.037
26,"DeKalb Av (B,Q,R)",Brooklyn,333228.0,16855.0,40.690636,-73.98183,17538.315789473683,0.051
231,"Grand St (B,D)",Manhattan,325726.0,4433.0,40.718266,-73.99375,17143.473684210527,0.014
345,"Crown Hts-Utica Av (3,4)",Brooklyn,312764.0,46961.0,40.668896,-73.932945,16461.263157894737,0.15
630,"Myrtle-Wyckoff Avs (M,L)",Brooklyn,311100.0,31245.0,40.699623,-73.91199,16373.684210526315,0.1
392,"125 St (4,5,6)",Manhattan,309951.0,26772.0,40.80414,-73.93759,16313.21052631579,0.086
314,66 St-Lincoln Center (1),Manhattan,309299.0,10944.0,40.77344,-73.98221,16278.894736842105,0.035
165,"23 St (C,E)",Manhattan,299385.0,8105.0,40.745907,-73.99804,15757.105263157895,0.027
259,"Kew Gardens-Union Tpke (E,F)",Queens,293752.0,126907.0,40.71444,-73.83101,15460.631578947368,0.432
151,"145 St (A,C,B,D)",Manhattan,293079.0,6586.0,40.824783,-73.944214,15425.21052631579,0.022
605,"168 St-Washington Hts (1,A,C)",Manhattan,287334.0,4441.0,40.840637,-73.93985,15122.842105263158,0.015
404,28 St (6),Manhattan,272107.0,1313.0,40.74307,-73.98426,14321.421052631578,0.005
414,"Bowling Green (4,5)",Manhattan,270592.0,38667.0,40.70482,-74.01407,14241.684210526315,0.143
232,2 Av (F),Manhattan,270566.0,5278.0,40.7234,-73.98994,14240.315789473685,0.02
14,"23 St (R,W)",Manhattan,267817.0,6536.0,40.741302,-73.98934,14095.631578947368,0.024
273,"Queens Plaza (E,F,R)",Queens,266318.0,18352.0,40.748974,-73.93724,14016.736842105263,0.069
464,Vernon Blvd-Jackson Av (7),Queens,265843.0,7460.0,40.742626,-73.95358,13991.736842105263,0.028
450,103 St-Corona Plaza (7),Queens,263900.0,10579.0,40.749866,-73.8627,13889.473684210527,0.04
629,"Metropolitan Av/Lorimer St (G,L)",Brooklyn,261860.0,5999.0,40.71343,-73.95084,13782.105263157895,0.023
333,"Wall St (2,3)",Manhattan,256732.0,904.0,40.70682,-74.0091,13512.21052631579,0.004
264,"Woodhaven Blvd (M,R)",Queens,256628.0,57964.0,40.733105,-73.86923,13506.736842105263,0.226
179,"Nostrand Av (A,C)",Brooklyn,254090.0,16530.0,40.68044,-73.950424,13373.157894736842,0.065
277,"7 Av (E,B,D)",Manhattan,249060.0,964.0,40.762863,-73.981636,13108.421052631578,0.004
51,"Kings Hwy (B,Q)",Brooklyn,248816.0,51078.0,40.60867,-73.95773,13095.578947368422,0.205
327,"Chambers St (1,2,3)",Manhattan,248684.0,1917.0,40.715477,-74.00927,13088.631578947368,0.008
265,"Grand Av-Newtown (M,R)",Queens,247510.0,51474.0,40.737015,-73.87722,13026.842105263158,0.208
311,86 St (1),Manhattan,245216.0,14173.0,40.788643,-73.97622,12906.105263157895,0.058
475,96 St (Q),Manhattan,243591.0,15821.0,40.784317,-73.94715,12820.578947368422,0.065
328,WTC Cortlandt (1),Manhattan,239125.0,611.0,40.711834,-74.01219,12585.526315789473,0.003
359,"Flatbush Av-Brooklyn College (2,5)",Brooklyn,236323.0,53265.0,40.632835,-73.94764,12438.052631578947,0.225
456,61 St-Woodside (7),Queens,236193.0,16110.0,40.74563,-73.902985,12431.21052631579,0.068
452,90 St-Elmhurst Av (7),Queens,236162.0,1393.0,40.74841,-73.87661,12429.578947368422,0.006
16,"8 St-NYU (R,W)",Manhattan,235556.0,1456.0,40.730328,-73.99263,12397.684210526315,0.006
169,"Canal St (A,C,E)",Manhattan,235207.0,519.0,40.720825,-74.005226,12379.315789473685,0.002
235,York St (F),Brooklyn,234069.0,2022.0,40.701397,-73.98675,12319.421052631578,0.009
407,Astor Pl (6),Manhattan,233433.0,1973.0,40.730053,-73.99107,12285.947368421053,0.008
396,96 St (6),Manhattan,231490.0,13007.0,40.78567,-73.95107,12183.684210526315,0.056
434,"3 Av-149 St (2,5)",Bronx,230962.0,24592.0,40.81611,-73.917755,12155.894736842105,0.106
276,"5 Av/53 St (E,F)",Manhattan,230197.0,1973.0,40.760166,-73.97523,12115.631578947368,0.009
234,East Broadway (F),Manhattan,225792.0,3484.0,40.713715,-73.99017,11883.78947368421,0.015
254,Jamaica-179 St (F),Queens,221503.0,93949.0,40.712646,-73.78381,11658.052631578947,0.424
32,"36 St (D,N,R)",Brooklyn,220492.0,9976.0,40.655144,-74.00355,11604.842105263158,0.045
168,"Spring St (C,E)",Manhattan,219012.0,441.0,40.726227,-74.00374,11526.947368421053,0.002
8,"5 Av/59 St (N,R,W)",Manhattan,218125.0,7553.0,40.764812,-73.97335,11480.263157894737,0.035
223,"Lexington Av/63 St (M,Q)",Manhattan,217858.0,28926.0,40.76463,-73.96611,11466.21052631579,0.133
312,79 St (1),Manhattan,214639.0,10250.0,40.783936,-73.97992,11296.78947368421,0.048
307,116 St-Columbia University (1),Manhattan,212643.0,2233.0,40.80772,-73.96411,11191.736842105263,0.011
626,"Franklin Av-Medgar Evers College/Botanic Garden (2,3,4,5,S)",Brooklyn,210920.0,1723.0,40.670513,-73.95869,11101.052631578947,0.008
449,111 St (7),Queens,206016.0,9503.0,40.75173,-73.85533,10842.947368421053,0.046
461,"Queensboro Plaza (7,N,W)",Queens,204957.0,13539.0,40.750584,-73.9402,10787.21052631579,0.066
413,"Wall St (4,5)",Manhattan,204789.0,2111.0,40.707558,-74.01186,10778.368421052632,0.01
324,Houston St (1),Manhattan,201176.0,676.0,40.728252,-74.00536,10588.21052631579,0.003
1,"Astoria-Ditmars Blvd (N,W)",Queens,201164.0,12350.0,40.775036,-73.91203,10587.578947368422,0.061
458,46 St-Bliss St (7),Queens,200182.0,7888.0,40.743134,-73.918434,10535.894736842105,0.039
453,82 St-Jackson Hts (7),Queens,199076.0,11340.0,40.747658,-73.8837,10477.684210526315,0.057
181,"Utica Av (A,C)",Brooklyn,198355.0,27299.0,40.679363,-73.93073,10439.736842105263,0.138
159,"81 St-Museum of Natural History (C,B)",Manhattan,195010.0,12101.0,40.781433,-73.972145,10263.684210526315,0.062
44,"Church Av (B,Q)",Brooklyn,193998.0,10123.0,40.650528,-73.96298,10210.421052631578,0.052
319,28 St (1),Manhattan,192359.0,529.0,40.747215,-73.99336,10124.157894736842,0.003
323,Christopher St-Stonewall (1),Manhattan,190817.0,1020.0,40.73342,-74.00291,10043.0,0.005
439,"125 St (2,3)",Manhattan,190344.0,12481.0,40.807755,-73.945496,10018.105263157895,0.066
320,23 St (1),Manhattan,188702.0,8670.0,40.74408,-73.99566,9931.684210526315,0.046
409,Spring St (6),Manhattan,188600.0,421.0,40.7223,-73.99714,9926.315789473685,0.002
58,"Coney Island-Stillwell Av (D,F,N,Q)",Brooklyn,184549.0,27243.0,40.577423,-73.98123,9713.105263157895,0.148
608,"4 Av-9 St (F,G,R)",Brooklyn,183616.0,8693.0,40.67056,-73.989044,9664.0,0.047
17,"Prince St (R,W)",Manhattan,183509.0,349.0,40.72433,-73.9977,9658.368421052632,0.002
237,"Carroll St (F,G)",Brooklyn,182779.0,1835.0,40.6803,-73.99505,9619.947368421053,0.01
175,"Hoyt-Schermerhorn Sts (A,C,G)",Brooklyn,181325.0,2326.0,40.688484,-73.985,9543.421052631578,0.013
308,Cathedral Pkwy (110 St) (1),Manhattan,180741.0,3310.0,40.803967,-73.96685,9512.684210526315,0.018
263,"63 Dr-Rego Park (M,R)",Queens,179780.0,9619.0,40.729847,-73.8616,9462.105263157895,0.054
266,"Elmhurst Av (M,R)",Queens,179682.0,1451.0,40.742455,-73.88202,9456.947368421053,0.008
97,"Myrtle Av (M,J,Z)",Brooklyn,179609.0,6476.0,40.69721,-73.93565,9453.105263157895,0.036
127,DeKalb Av (L),Brooklyn,178684.0,7458.0,40.70381,-73.91843,9404.421052631578,0.042
236,"Bergen St (F,G)",Brooklyn,178582.0,1505.0,40.686146,-73.99086,9399.052631578947,0.008
35,"59 St (N,R)",Brooklyn,177821.0,3923.0,40.64136,-74.01788,9359.0,0.022
3,"30 Av (N,W)",Queens,176277.0,8340.0,40.76678,-73.92148,9277.736842105263,0.047
240,"7 Av (F,G)",Brooklyn,175237.0,4496.0,40.66627,-73.98031,9223.0,0.026
101,"Marcy Av (M,J,Z)",Brooklyn,174749.0,6381.0,40.70836,-73.957756,9197.315789473685,0.037
13,"28 St (R,W)",Manhattan,174567.0,574.0,40.745495,-73.98869,9187.736842105263,0.003
393,116 St (6),Manhattan,172517.0,9427.0,40.79863,-73.94162,9079.842105263158,0.055
138,Canarsie-Rockaway Pkwy (L),Brooklyn,172164.0,40282.0,40.646652,-73.90185,9061.263157894737,0.234
309,103 St (1),Manhattan,166984.0,1807.0,40.799446,-73.968376,8788.631578947368,0.011
158,"86 St (C,B)",Manhattan,165717.0,14240.0,40.78587,-73.96892,8721.947368421053,0.086
395,103 St (6),Manhattan,164844.0,1670.0,40.7906,-73.94748,8676.0,0.01
4,"Broadway (N,W)",Queens,162998.0,2776.0,40.76182,-73.92551,8578.842105263158,0.017
160,"72 St (C,B)",Manhattan,161981.0,4520.0,40.775593,-73.97641,8525.315789473685,0.028
271,"Steinway St (M,R)",Queens,161898.0,8286.0,40.756878,-73.92074,8520.947368421053,0.051
305,137 St-City College (1),Manhattan,157538.0,1255.0,40.822006,-73.953674,8291.473684210527,0.008
54,"Sheepshead Bay (B,Q)",Brooklyn,156790.0,19009.0,40.586895,-73.954155,8252.105263157895,0.121
366,Parkchester (6),Bronx,156673.0,14901.0,40.833225,-73.86082,8245.947368421053,0.095
42,"Prospect Park (B,Q,S)",Brooklyn,154977.0,4585.0,40.661613,-73.96225,8156.684210526316,0.03
224,57 St (M),Manhattan,154532.0,3001.0,40.763973,-73.97745,8133.263157894737,0.019
38,86 St (R),Brooklyn,154480.0,50014.0,40.62269,-74.0284,8130.526315789473,0.324
283,Greenpoint Av (G),Brooklyn,152445.0,2184.0,40.731354,-73.95445,8023.421052631579,0.014
2,"Astoria Blvd (N,W)",Queens,151261.0,10356.0,40.77026,-73.91785,7961.105263157895,0.068
71,8 Av (N),Brooklyn,150065.0,6780.0,40.635063,-74.01172,7898.1578947368425,0.045
173,"High St (A,C)",Brooklyn,148650.0,1476.0,40.699337,-73.99053,7823.684210526316,0.01
55,"Brighton Beach (B,Q)",Brooklyn,147252.0,6745.0,40.57762,-73.96137,7750.105263157895,0.046
438,"135 St (2,3)",Manhattan,144413.0,2083.0,40.814228,-73.94077,7600.684210526316,0.014
284,Nassau Av (G),Brooklyn,143135.0,2505.0,40.724636,-73.95128,7533.421052631579,0.018
41,"7 Av (B,Q)",Brooklyn,141644.0,4681.0,40.67705,-73.97237,7454.9473684210525,0.033
221,21 St-Queensbridge (M),Queens,141024.0,27616.0,40.754204,-73.94283,7422.315789473684,0.196
122,Graham Av (L),Brooklyn,140721.0,4816.0,40.714565,-73.94405,7406.368421052632,0.034
126,Jefferson St (L),Brooklyn,139851.0,2646.0,40.706608,-73.92291,7360.578947368421,0.019
459,40 St-Lowery St (7),Queens,139659.0,1344.0,40.743782,-73.92402,7350.473684210527,0.01
147,175 St (A),Manhattan,137786.0,2982.0,40.84739,-73.939705,7251.894736842105,0.022
603,"149 St-Grand Concourse (2,4,5)",Bronx,137729.0,8378.0,40.818394,-73.92703,7248.894736842105,0.061
157,"96 St (C,B)",Manhattan,136392.0,20737.0,40.79164,-73.9647,7178.526315789473,0.152
146,181 St (A),Manhattan,135902.0,2256.0,40.851696,-73.937965,7152.736842105263,0.017
303,157 St (1),Manhattan,135627.0,6572.0,40.83404,-73.94489,7138.263157894737,0.048
47,"Newkirk Plaza (B,Q)",Brooklyn,133305.0,6545.0,40.635082,-73.96279,7016.0526315789475,0.049
301,181 St (1),Manhattan,131049.0,16460.0,40.849506,-73.93359,6897.315789473684,0.126
394,110 St (6),Manhattan,130763.0,1266.0,40.79502,-73.94425,6882.263157894737,0.01
337,"Nevins St (2,3,4,5)",Brooklyn,130596.0,5549.0,40.688248,-73.98049,6873.473684210527,0.042
289,Bedford-Nostrand Avs (G),Brooklyn,128874.0,7119.0,40.68963,-73.95352,6782.8421052631575,0.055
34,53 St (R),Brooklyn,128430.0,3675.0,40.64507,-74.01403,6759.473684210527,0.029
222,Roosevelt Island (M),Manhattan,126750.0,8868.0,40.759144,-73.95326,6671.0526315789475,0.07
460,33 St-Rawson St (7),Queens,126362.0,860.0,40.744587,-73.931,6650.631578947368,0.007
306,125 St (1),Manhattan,124602.0,2836.0,40.815582,-73.958374,6558.0,0.023
243,"Church Av (F,G)",Brooklyn,124569.0,7284.0,40.64404,-73.979675,6556.263157894737,0.058
371,Hunts Point Av (6),Bronx,123149.0,17106.0,40.82095,-73.89055,6481.526315789473,0.139
28,Union St (R),Brooklyn,122842.0,550.0,40.677315,-73.98311,6465.368421052632,0.004
143,Inwood-207 St (A),Manhattan,122414.0,13300.0,40.868073,-73.9199,6442.8421052631575,0.109
440,"116 St (2,3)",Manhattan,121948.0,8202.0,40.802097,-73.94962,6418.315789473684,0.067
125,Morgan Av (L),Brooklyn,119920.0,1407.0,40.706154,-73.93314,6311.578947368421,0.012
356,"Church Av (2,5)",Brooklyn,119743.0,7909.0,40.650845,-73.94958,6302.263157894737,0.066
448,Mets-Willets Point (7),Queens,118595.0,534.0,40.754623,-73.84563,6241.8421052631575,0.005
304,145 St (1),Manhattan,116910.0,4735.0,40.82655,-73.95036,6153.1578947368425,0.041
621,"Broadway Junction (A,C,J,Z,L)",Brooklyn,116852.0,14087.0,40.678898,-73.90436,6150.105263157895,0.121
33,45 St (R),Brooklyn,116494.0,833.0,40.648937,-74.01001,6131.263157894737,0.007
98,"Flushing Av (M,J)",Brooklyn,115034.0,5168.0,40.70026,-73.941124,6054.421052631579,0.045
501,St George (SIR),Staten Island,113325.0,35541.0,40.64375,-74.07365,5964.473684210527,0.314
270,"46 St (M,R)",Queens,111940.0,1236.0,40.756313,-73.91333,5891.578947368421,0.011
377,3 Av-138 St (6),Bronx,111270.0,4122.0,40.810474,-73.92614,5856.315789473684,0.037
177,Clinton-Washington Avs (C),Brooklyn,111267.0,1044.0,40.68326,-73.965836,5856.1578947368425,0.009
262,"67 Av (M,R)",Queens,109632.0,579.0,40.726524,-73.85272,5770.105263157895,0.005
426,"E 180 St (2,5)",Bronx,109340.0,17949.0,40.841892,-73.87349,5754.736842105263,0.164
36,Bay Ridge Av (R),Brooklyn,109021.0,7044.0,40.634968,-74.02338,5737.9473684210525,0.065
118,3 Av (L),Manhattan,108576.0,5753.0,40.73285,-73.98612,5714.526315789473,0.053
382,Fordham Rd (4),Bronx,108076.0,10822.0,40.862804,-73.90103,5688.210526315789,0.1
340,"Grand Army Plaza (2,3)",Brooklyn,107779.0,2608.0,40.675236,-73.97105,5672.578947368421,0.024
321,18 St (1),Manhattan,107710.0,452.0,40.74104,-73.99787,5668.9473684210525,0.004
213,"Fordham Rd (B,D)",Bronx,106146.0,6877.0,40.861298,-73.89775,5586.631578947368,0.065
329,Rector St (1),Manhattan,105992.0,5667.0,40.70751,-74.01379,5578.526315789473,0.053
336,"Hoyt St (2,3)",Brooklyn,105225.0,4571.0,40.690544,-73.98506,5538.1578947368425,0.043
155,"Cathedral Pkwy (110 St) (C,B)",Manhattan,105068.0,2925.0,40.800602,-73.95816,5529.894736842105,0.028
441,"110 St-Malcolm X Plaza (2,3)",Manhattan,104510.0,5535.0,40.799076,-73.95182,5500.526315789473,0.053
355,"Winthrop St (2,5)",Brooklyn,104156.0,2092.0,40.65665,-73.9502,5481.894736842105,0.02
215,"Tremont Av (B,D)",Bronx,103031.0,9566.0,40.85041,-73.90523,5422.684210526316,0.093
124,Montrose Av (L),Brooklyn,101779.0,487.0,40.70774,-73.93985,5356.789473684211,0.005
129,Halsey St (L),Queens,101216.0,3232.0,40.695602,-73.90408,5327.1578947368425,0.032
381,Kingsbridge Rd (4),Bronx,101071.0,7687.0,40.86776,-73.89717,5319.526315789473,0.076
334,"Clark St (2,3)",Brooklyn,100670.0,252.0,40.697468,-73.99309,5298.421052631579,0.003
188,"Euclid Av (A,C)",Brooklyn,100492.0,10186.0,40.675377,-73.87211,5289.0526315789475,0.101
295,231 St (1),Bronx,100403.0,19924.0,40.878857,-73.90483,5284.368421052632,0.198
255,169 St (F),Queens,99656.0,11200.0,40.71047,-73.7936,5245.0526315789475,0.112
388,167 St (4),Bronx,99421.0,5199.0,40.835537,-73.9214,5232.684210526316,0.052
218,"167 St (B,D)",Bronx,99211.0,5709.0,40.83377,-73.91844,5221.631578947368,0.058
292,Fulton St (G),Brooklyn,97936.0,1139.0,40.68712,-73.97537,5154.526315789473,0.012
TRAM1,RI Tramway (Manhattan),Manhattan,94104.0,37952.0,40.761337,-73.96416,4952.8421052631575,0.403
123,Grand St (L),Brooklyn,93518.0,14042.0,40.711926,-73.94067,4922.0,0.15
68,Bay Pkwy (D),Brooklyn,92955.0,13990.0,40.601875,-73.99373,4892.368421052632,0.151
76,Bay Pkwy (N),Brooklyn,92495.0,6359.0,40.611816,-73.98185,4868.1578947368425,0.069
144,Dyckman St (A),Manhattan,91455.0,1256.0,40.86549,-73.92727,4813.421052631579,0.014
256,Parsons Blvd (F),Queens,91227.0,16854.0,40.707565,-73.80333,4801.421052631579,0.185
241,"15 St-Prospect Park (F,G)",Brooklyn,90808.0,2581.0,40.660366,-73.97949,4779.368421052632,0.028
5,"36 Av (N,W)",Queens,90653.0,1546.0,40.756805,-73.92957,4771.210526315789,0.017
300,191 St (1),Manhattan,90592.0,536.0,40.855225,-73.92941,4768.0,0.006
180,Kingston-Throop Avs (C),Brooklyn,90485.0,2094.0,40.67992,-73.94086,4762.368421052632,0.023
211,"Bedford Park Blvd (B,D)",Bronx,89291.0,7445.0,40.873245,-73.88714,4699.526315789473,0.083
95,"Gates Av (J,Z)",Brooklyn,88183.0,2204.0,40.68963,-73.92227,4641.210526315789,0.025
52,Avenue U (Q),Brooklyn,88006.0,13687.0,40.5993,-73.95593,4631.894736842105,0.156
43,Parkside Av (Q),Brooklyn,87601.0,3501.0,40.655293,-73.961494,4610.578947368421,0.04
154,"116 St (C,B)",Manhattan,86817.0,4584.0,40.805084,-73.95488,4569.315789473684,0.053
107,"Broad St (J,Z)",Manhattan,86672.0,2344.0,40.706474,-74.011055,4561.684210526316,0.027
326,Franklin St (1),Manhattan,86460.0,162.0,40.71932,-74.00689,4550.526315789473,0.002
358,"Newkirk Av-Little Haiti (2,5)",Brooklyn,86201.0,4962.0,40.63997,-73.94841,4536.894736842105,0.058
217,"170 St (B,D)",Bronx,86188.0,4124.0,40.839306,-73.9134,4536.210526315789,0.048
192,Rockaway Blvd (A),Queens,86086.0,24055.0,40.680428,-73.84386,4530.8421052631575,0.279
72,Fort Hamilton Pkwy (N),Brooklyn,86063.0,2786.0,40.631386,-74.00535,4529.631578947368,0.032
291,Clinton-Washington Avs (G),Brooklyn,85980.0,991.0,40.688087,-73.96684,4525.263157894737,0.012
242,"Fort Hamilton Pkwy (F,G)",Brooklyn,84689.0,443.0,40.650784,-73.97578,4457.315789473684,0.005
299,Dyckman St (1),Manhattan,84184.0,840.0,40.86053,-73.92554,4430.736842105263,0.01
TRAM2,RI Tramway (Roosevelt),Manhattan,84132.0,26291.0,40.75734,-73.95412,4428.0,0.312
30,Prospect Av (R),Brooklyn,83604.0,658.0,40.665413,-73.992874,4400.210526315789,0.008
424,"Pelham Pkwy (2,5)",Bronx,83029.0,11025.0,40.857193,-73.867615,4369.9473684210525,0.133
384,Burnside Av (4),Bronx,82519.0,4626.0,40.853455,-73.907684,4343.105263157895,0.056
379,Mosholu Pkwy (4),Bronx,82309.0,4761.0,40.87975,-73.88466,4332.0526315789475,0.058
269,"Northern Blvd (M,R)",Queens,81665.0,12762.0,40.752884,-73.906006,4298.1578947368425,0.156
94,Halsey St (J),Brooklyn,81608.0,2316.0,40.68637,-73.91656,4295.1578947368425,0.028
65,79 St (D),Brooklyn,81594.0,809.0,40.613503,-74.00061,4294.421052631579,0.01
341,"Eastern Pkwy-Brooklyn Museum (2,3)",Brooklyn,81543.0,283.0,40.671986,-73.96438,4291.736842105263,0.003
109,Fresh Pond Rd (M),Queens,81263.0,3874.0,40.706184,-73.895874,4277.0,0.048
430,"Simpson St (2,5)",Bronx,80994.0,10186.0,40.824074,-73.89307,4262.8421052631575,0.126
46,Cortelyou Rd (Q),Brooklyn,79597.0,599.0,40.640926,-73.96389,4189.315789473684,0.008
325,Canal St (1),Manhattan,79250.0,97.0,40.722855,-74.00628,4171.0526315789475,0.001
387,170 St (4),Bronx,78564.0,5700.0,40.840076,-73.91779,4134.9473684210525,0.073
428,"174 St (2,5)",Bronx,78329.0,6288.0,40.837288,-73.88773,4122.578947368421,0.08
59,9 Av (D),Brooklyn,78047.0,2241.0,40.646294,-73.99432,4107.736842105263,0.029
627,"Franklin Av (C,S)",Brooklyn,77963.0,2030.0,40.68099,-73.95634,4103.315789473684,0.026
298,207 St (1),Manhattan,77956.0,11290.0,40.86462,-73.91882,4102.9473684210525,0.145
37,77 St (R),Brooklyn,77055.0,2338.0,40.62974,-74.02551,4055.5263157894738,0.03
182,Ralph Av (C),Brooklyn,76747.0,3368.0,40.67882,-73.920784,4039.315789473684,0.044
210,Norwood-205 St (D),Bronx,76705.0,7381.0,40.87481,-73.87885,4037.1052631578946,0.096
66,18 Av (D),Brooklyn,76701.0,8499.0,40.607952,-74.00174,4036.8947368421054,0.111
290,Classon Av (G),Brooklyn,76515.0,1681.0,40.688873,-73.96007,4027.1052631578946,0.022
77,Kings Hwy (N),Brooklyn,75647.0,6803.0,40.603924,-73.980354,3981.4210526315787,0.09
368,Morrison Av-Soundview (6),Bronx,75151.0,4832.0,40.82952,-73.87452,3955.315789473684,0.064
152,"135 St (C,B)",Manhattan,75142.0,1714.0,40.817894,-73.94765,3954.842105263158,0.023
212,"Kingsbridge Rd (B,D)",Bronx,75085.0,4687.0,40.866978,-73.89351,3951.842105263158,0.062
50,Avenue M (Q),Brooklyn,74589.0,3763.0,40.61762,-73.9594,3925.7368421052633,0.05
354,"Sterling St (2,5)",Brooklyn,74184.0,835.0,40.662743,-73.95085,3904.4210526315787,0.011
195,Ozone Park-Lefferts Blvd (A),Queens,74088.0,15040.0,40.68595,-73.8258,3899.3684210526317,0.203
369,Elder Av (6),Bronx,73989.0,512.0,40.828583,-73.87916,3894.157894736842,0.007
176,Lafayette Av (C),Brooklyn,73894.0,936.0,40.68611,-73.973946,3889.157894736842,0.013
39,Bay Ridge-95 St (R),Brooklyn,73249.0,2381.0,40.616623,-74.030876,3855.2105263157896,0.033
378,Woodlawn (4),Bronx,73157.0,27191.0,40.886036,-73.87875,3850.3684210526317,0.372
432,"Prospect Av (2,5)",Bronx,72899.0,3162.0,40.819584,-73.90177,3836.7894736842104,0.043
22,"Rector St (R,W)",Manhattan,72774.0,5861.0,40.70722,-74.01334,3830.2105263157896,0.081
96,Kosciuszko St (J),Brooklyn,70986.0,3157.0,40.69334,-73.92882,3736.1052631578946,0.044
421,"Gun Hill Rd (2,5)",Bronx,70232.0,8251.0,40.87785,-73.86626,3696.4210526315787,0.117
427,"West Farms Sq-E Tremont Av (2,5)",Bronx,70088.0,7266.0,40.840294,-73.88005,3688.842105263158,0.104
49,Avenue J (Q),Brooklyn,69971.0,9569.0,40.62504,-73.9608,3682.684210526316,0.137
20,"City Hall (R,W)",Manhattan,69644.0,386.0,40.713284,-74.00698,3665.4736842105262,0.006
74,18 Av (N),Brooklyn,69638.0,3850.0,40.62067,-73.99042,3665.157894736842,0.055
365,Castle Hill Av (6),Bronx,69416.0,5316.0,40.834255,-73.85122,3653.4736842105262,0.077
360,Pelham Bay Park (6),Bronx,69255.0,23418.0,40.852463,-73.82812,3645.0,0.338
346,Sutter Av-Rutland Rd (3),Brooklyn,68904.0,5333.0,40.66472,-73.92261,3626.5263157894738,0.077
293,Van Cortlandt Park-242 St (1),Bronx,68425.0,21832.0,40.889248,-73.89858,3601.315789473684,0.319
67,20 Av (D),Brooklyn,67934.0,1342.0,40.604557,-73.99817,3575.4736842105262,0.02
339,"Bergen St (2,3)",Brooklyn,66244.0,1889.0,40.68083,-73.9751,3486.5263157894738,0.029
615,"62 St/New Utrecht Av (D,N)",Brooklyn,65682.0,1838.0,40.625656,-73.99663,3456.9473684210525,0.028
183,Rockaway Av (C),Brooklyn,65472.0,2566.0,40.67834,-73.91195,3445.8947368421054,0.039
238,"Smith-9 Sts (F,G)",Brooklyn,65461.0,6518.0,40.67358,-73.99596,3445.315789473684,0.1
433,"Jackson Av (2,5)",Bronx,64978.0,269.0,40.81649,-73.90781,3419.8947368421054,0.004
288,Myrtle-Willoughby Avs (G),Brooklyn,64833.0,1914.0,40.69457,-73.94904,3412.2631578947367,0.03
385,176 St (4),Bronx,64361.0,431.0,40.84848,-73.9118,3387.4210526315787,0.007
189,Grant Av (A),Brooklyn,64323.0,1371.0,40.677044,-73.86505,3385.4210526315787,0.021
156,"103 St (C,B)",Manhattan,63951.0,466.0,40.796093,-73.96146,3365.842105263158,0.007
258,"Briarwood (E,F)",Queens,63892.0,2845.0,40.70918,-73.82057,3362.7368421052633,0.045
110,Forest Av (M),Queens,63102.0,5366.0,40.704422,-73.903076,3321.157894736842,0.085
280,Jamaica-Van Wyck (E),Queens,63052.0,1850.0,40.702564,-73.81686,3318.5263157894738,0.029
286,Broadway (G),Brooklyn,63041.0,1854.0,40.706093,-73.95031,3317.9473684210525,0.029
64,71 St (D),Brooklyn,63006.0,214.0,40.61959,-73.99886,3316.1052631578946,0.003
113,Knickerbocker Av (M),Brooklyn,62651.0,928.0,40.698666,-73.91971,3297.4210526315787,0.015
130,Wilson Av (L),Brooklyn,62546.0,1049.0,40.688763,-73.904045,3291.8947368421054,0.017
380,Bedford Park Blvd-Lehman College (4),Bronx,62394.0,5562.0,40.873413,-73.89006,3283.8947368421054,0.089
383,183 St (4),Bronx,62108.0,448.0,40.858406,-73.90388,3268.842105263158,0.007
376,Brook Av (6),Bronx,62047.0,331.0,40.807568,-73.91924,3265.6315789473683,0.005
357,"Beverly Rd (2,5)",Brooklyn,60182.0,258.0,40.6451,-73.94896,3167.4736842105262,0.004
145,190 St (A),Manhattan,60141.0,622.0,40.85902,-73.93418,3165.315789473684,0.01
103,"Bowery (J,Z)",Manhattan,59566.0,338.0,40.72028,-73.99391,3135.0526315789475,0.006
99,"Lorimer St (M,J)",Brooklyn,58974.0,935.0,40.70387,-73.94741,3103.8947368421054,0.016
75,20 Av (N),Brooklyn,58831.0,281.0,40.61741,-73.98502,3096.3684210526317,0.005
83,"Woodhaven Blvd (J,Z)",Queens,58830.0,9113.0,40.69388,-73.85158,3096.315789473684,0.155
60,Fort Hamilton Pkwy (D),Brooklyn,58376.0,242.0,40.640915,-73.9943,3072.4210526315787,0.004
214,"182-183 Sts (B,D)",Bronx,57089.0,341.0,40.856094,-73.90074,3004.684210526316,0.006
209,Far Rockaway-Mott Av (A),Queens,56930.0,5592.0,40.603996,-73.7554,2996.315789473684,0.098
53,Neck Rd (Q),Brooklyn,56904.0,276.0,40.595245,-73.95516,2994.9473684210525,0.005
352,New Lots Av (3),Brooklyn,56773.0,7005.0,40.666237,-73.88408,2988.0526315789475,0.123
114,Central Av (M),Brooklyn,56643.0,565.0,40.697857,-73.9274,2981.2105263157896,0.01
344,Kingston Av (3),Brooklyn,56001.0,873.0,40.6694,-73.94216,2947.4210526315787,0.016
294,238 St (1),Bronx,55101.0,3250.0,40.884666,-73.90087,2900.0526315789475,0.059
373,E 149 St (6),Bronx,55043.0,2228.0,40.81212,-73.9041,2897.0,0.04
296,Marble Hill-225 St (1),Manhattan,54539.0,3633.0,40.87456,-73.90983,2870.4736842105262,0.067
363,Westchester Sq-E Tremont Av (6),Bronx,54242.0,9431.0,40.839893,-73.84295,2854.842105263158,0.174
347,Saratoga Av (3),Brooklyn,54203.0,1568.0,40.661453,-73.91633,2852.7894736842104,0.029
216,"174-175 Sts (B,D)",Bronx,54037.0,298.0,40.8459,-73.91013,2844.0526315789475,0.006
136,New Lots Av (L),Brooklyn,53287.0,6285.0,40.658733,-73.89923,2804.5789473684213,0.118
463,Hunters Point Av (7),Queens,53107.0,5956.0,40.742214,-73.94891,2795.1052631578946,0.112
31,25 St (R),Brooklyn,53089.0,340.0,40.660397,-73.99809,2794.157894736842,0.006
69,25 Av (D),Brooklyn,53046.0,4049.0,40.597706,-73.98683,2791.8947368421054,0.076
416,Wakefield-241 St (2),Bronx,53033.0,3714.0,40.903126,-73.85062,2791.2105263157896,0.07
272,"36 St (M,R)",Queens,52878.0,699.0,40.75204,-73.92878,2783.0526315789475,0.013
190,80 St (A),Queens,52795.0,300.0,40.67937,-73.85899,2778.684210526316,0.006
149,163 St-Amsterdam Av (C),Manhattan,52760.0,645.0,40.836014,-73.939896,2776.842105263158,0.012
78,Avenue U (N),Brooklyn,51995.0,8573.0,40.597473,-73.97913,2736.5789473684213,0.165
108,Middle Village-Metropolitan Av (M),Queens,51554.0,13527.0,40.711395,-73.8896,2713.3684210526317,0.262
257,Sutphin Blvd (F),Queens,51231.0,2575.0,40.70546,-73.81071,2696.3684210526317,0.05
198,Howard Beach-JFK Airport (A),Queens,50992.0,462.0,40.660477,-73.8303,2683.7894736842104,0.009
386,Mt Eden Av (4),Bronx,50956.0,215.0,40.844433,-73.91469,2681.8947368421054,0.004
429,"Freeman St (2,5)",Bronx,50715.0,519.0,40.829994,-73.89187,2669.2105263157896,0.01
442,Eastchester-Dyre Av (5),Bronx,50646.0,7447.0,40.8883,-73.83083,2665.5789473684213,0.147
6,"39 Av-Dutch Kills (N,W)",Queens,50141.0,310.0,40.75288,-73.932755,2639.0,0.006
87,"Crescent St (J,Z)",Brooklyn,49798.0,1555.0,40.683193,-73.87379,2620.9473684210525,0.031
391,"138 St-Grand Concourse (4,5)",Bronx,49670.0,997.0,40.813225,-73.92985,2614.2105263157896,0.02
268,"65 St (M,R)",Queens,48624.0,188.0,40.74967,-73.89845,2559.157894736842,0.004
367,St Lawrence Av (6),Bronx,48574.0,310.0,40.83151,-73.867615,2556.5263157894738,0.006
45,Beverley Rd (Q),Brooklyn,48252.0,227.0,40.64403,-73.96449,2539.5789473684213,0.005
423,"Allerton Av (2,5)",Bronx,48091.0,3021.0,40.865463,-73.867355,2531.1052631578946,0.063
244,Ditmas Av (F),Brooklyn,47654.0,176.0,40.63612,-73.97817,2508.1052631578946,0.004
444,Gun Hill Rd (5),Bronx,47585.0,6356.0,40.869526,-73.84638,2504.4736842105262,0.134
353,"President St-Medgar Evers College (2,5)",Brooklyn,47190.0,350.0,40.667885,-73.95068,2483.684210526316,0.007
348,Rockaway Av (3),Brooklyn,47066.0,1936.0,40.662548,-73.90894,2477.157894736842,0.041
343,Nostrand Av (3),Brooklyn,46651.0,1658.0,40.669846,-73.95046,2455.315789473684,0.036
457,52 St (7),Queens,44628.0,394.0,40.74415,-73.91255,2348.842105263158,0.009
361,Buhre Av (6),Bronx,44107.0,3037.0,40.84681,-73.832565,2321.4210526315787,0.069
61,50 St (D),Brooklyn,43787.0,2839.0,40.63626,-73.99479,2304.5789473684213,0.065
48,Avenue H (Q),Brooklyn,42883.0,307.0,40.62927,-73.96164,2257.0,0.007
287,Flushing Av (G),Brooklyn,42746.0,1220.0,40.70038,-73.95023,2249.7894736842104,0.029
84,85 St-Forest Pkwy (J),Queens,41816.0,304.0,40.692436,-73.86001,2200.842105263158,0.007
418,"233 St (2,5)",Bronx,41629.0,3669.0,40.893192,-73.857475,2191.0,0.088
260,"75 Av (E,F)",Queens,41492.0,339.0,40.71833,-73.837326,2183.7894736842104,0.008
245,18 Av (F),Brooklyn,41484.0,3232.0,40.629753,-73.976974,2183.3684210526317,0.078
186,Van Siclen Av (C),Brooklyn,40779.0,128.0,40.67271,-73.89036,2146.2631578947367,0.003
111,Seneca Av (M),Queens,40603.0,478.0,40.702763,-73.90774,2137.0,0.012
431,"Intervale Av (2,5)",Bronx,40128.0,1952.0,40.82218,-73.896736,2112.0,0.049
436,Harlem-148 St (3),Manhattan,39917.0,268.0,40.82388,-73.93647,2100.8947368421054,0.007
90,"Van Siclen Av (J,Z)",Brooklyn,39700.0,168.0,40.678024,-73.891685,2089.4736842105262,0.004
437,145 St (3),Manhattan,38782.0,1043.0,40.82042,-73.93625,2041.157894736842,0.027
350,Pennsylvania Av (3),Brooklyn,38368.0,3719.0,40.664635,-73.8949,2019.3684210526317,0.097
70,Bay 50 St (D),Brooklyn,38280.0,236.0,40.58884,-73.983765,2014.7368421052631,0.006
134,Sutter Av (L),Brooklyn,38264.0,914.0,40.66937,-73.90198,2013.8947368421052,0.024
93,"Chauncey St (J,Z)",Brooklyn,38236.0,1025.0,40.68289,-73.91045,2012.421052631579,0.027
85,"75 St-Elderts Ln (J,Z)",Queens,38018.0,239.0,40.691322,-73.86714,2000.9473684210527,0.006
445,Pelham Pkwy (5),Bronx,37885.0,3039.0,40.858986,-73.85536,1993.9473684210527,0.08
372,Longwood Av (6),Bronx,37673.0,1052.0,40.816105,-73.89644,1982.7894736842106,0.028
375,Cypress Av (6),Bronx,37041.0,152.0,40.805367,-73.91404,1949.5263157894738,0.004
185,Liberty Av (C),Brooklyn,36800.0,3248.0,40.67454,-73.896545,1936.842105263158,0.088
455,69 St (7),Queens,36760.0,296.0,40.746326,-73.8964,1934.7368421052631,0.008
135,Livonia Av (L),Brooklyn,36502.0,7652.0,40.66404,-73.90057,1921.157894736842,0.21
88,"Norwood Av (J,Z)",Brooklyn,36388.0,147.0,40.68141,-73.880035,1915.157894736842,0.004
133,Atlantic Av (L),Brooklyn,36042.0,1278.0,40.675346,-73.9031,1896.9473684210527,0.035
443,Baychester Av (5),Bronx,35428.0,1029.0,40.878662,-73.83859,1864.6315789473683,0.029
191,88 St (A),Queens,35391.0,180.0,40.679844,-73.85147,1862.6842105263158,0.005
137,East 105 St (L),Brooklyn,35034.0,776.0,40.650574,-73.89948,1843.8947368421052,0.022
100,"Hewes St (M,J)",Brooklyn,34686.0,182.0,40.70687,-73.95343,1825.578947368421,0.005
419,"225 St (2,5)",Bronx,34494.0,603.0,40.888023,-73.860344,1815.4736842105262,0.017
56,Ocean Pkwy (Q),Brooklyn,33951.0,930.0,40.576313,-73.9685,1786.8947368421052,0.027
220,"155 St (B,D)",Manhattan,33751.0,217.0,40.830135,-73.93821,1776.3684210526317,0.006
248,Avenue N (F),Brooklyn,33649.0,1935.0,40.61514,-73.9742,1771.0,0.058
420,"219 St (2,5)",Bronx,33487.0,173.0,40.883896,-73.86263,1762.4736842105262,0.005
150,155 St (C),Manhattan,33392.0,1113.0,40.830517,-73.94151,1757.4736842105262,0.033
417,"Nereid Av (2,5)",Bronx,33239.0,5161.0,40.89838,-73.85438,1749.421052631579,0.155
79,86 St (N),Brooklyn,33152.0,4326.0,40.59272,-73.97823,1744.842105263158,0.13
57,"W 8 St-NY Aquarium (F,Q)",Brooklyn,32937.0,465.0,40.576126,-73.97594,1733.5263157894738,0.014
131,Bushwick Av-Aberdeen St (L),Brooklyn,32826.0,91.0,40.68283,-73.90525,1727.6842105263158,0.003
249,Avenue P (F),Brooklyn,32570.0,190.0,40.608944,-73.97302,1714.2105263157894,0.006
89,Cleveland St (J),Brooklyn,32508.0,133.0,40.679947,-73.884636,1710.9473684210527,0.004
82,"104 St (J,Z)",Queens,32480.0,279.0,40.69518,-73.84433,1709.4736842105262,0.009
446,Morris Park (5),Bronx,32477.0,74.0,40.854362,-73.8605,1709.3157894736842,0.002
187,Shepherd Av (C),Brooklyn,32211.0,154.0,40.67413,-73.88075,1695.3157894736842,0.005
250,Kings Hwy (F),Brooklyn,31895.0,3329.0,40.603218,-73.97236,1678.6842105263158,0.104
252,Avenue X (F),Brooklyn,30692.0,2745.0,40.58962,-73.97425,1615.3684210526317,0.089
297,215 St (1),Manhattan,29845.0,629.0,40.869446,-73.915276,1570.7894736842106,0.021
422,"Burke Av (2,5)",Bronx,28767.0,160.0,40.871357,-73.867165,1514.0526315789473,0.006
364,Zerega Av (6),Bronx,28573.0,164.0,40.836487,-73.84704,1503.842105263158,0.006
81,111 St (J),Queens,28546.0,1918.0,40.69742,-73.83634,1502.421052631579,0.067
91,"Alabama Av (J,Z)",Brooklyn,27830.0,6513.0,40.67699,-73.89865,1464.7368421052631,0.234
349,Junius St (3),Brooklyn,27718.0,10352.0,40.663513,-73.90245,1458.842105263158,0.373
425,"Bronx Park East (2,5)",Bronx,27454.0,1475.0,40.848827,-73.868454,1444.9473684210527,0.054
282,21 St (G),Queens,27209.0,2175.0,40.744064,-73.94972,1432.0526315789473,0.08
80,"121 St (J,Z)",Queens,27179.0,3612.0,40.700493,-73.82829,1430.4736842105262,0.133
351,Van Siclen Av (3),Brooklyn,26182.0,1494.0,40.665447,-73.8894,1378.0,0.057
204,Beach 67 St (A),Queens,25302.0,524.0,40.590927,-73.79692,1331.6842105263158,0.021
62,55 St (D),Brooklyn,25260.0,569.0,40.631435,-73.995476,1329.4736842105262,0.023
194,111 St (A),Queens,24839.0,2914.0,40.68433,-73.83216,1307.3157894736842,0.117
251,Avenue U (F),Brooklyn,24506.0,3294.0,40.59606,-73.97336,1289.7894736842106,0.134
141,Park Pl (S),Brooklyn,24304.0,159.0,40.67477,-73.95763,1279.157894736842,0.007
374,E 143 St-St Mary's St (6),Bronx,24071.0,31.0,40.80872,-73.90765,1266.8947368421052,0.001
362,Middletown Rd (6),Bronx,23925.0,207.0,40.843864,-73.83632,1259.2105263157894,0.009
193,104 St (A),Queens,21897.0,179.0,40.68171,-73.837685,1152.4736842105262,0.008
370,Whitlock Av (6),Bronx,21809.0,326.0,40.826527,-73.886284,1147.842105263158,0.015
246,Avenue I (F),Brooklyn,19727.0,1601.0,40.62532,-73.97613,1038.2631578947369,0.081
205,Beach 60 St (A),Queens,18933.0,288.0,40.592373,-73.78852,996.4736842105264,0.015
253,Neptune Av (F),Brooklyn,18770.0,350.0,40.581013,-73.97457,987.8947368421053,0.019
208,Beach 25 St (A),Queens,16927.0,36.0,40.600067,-73.76135,890.8947368421053,0.002
86,Cypress Hills (J),Brooklyn,15002.0,1218.0,40.68994,-73.87255,789.578947368421,0.081
247,Bay Pkwy (F),Brooklyn,14078.0,6319.0,40.62077,-73.975266,740.9473684210526,0.449
196,Aqueduct Racetrack (A),Queens,12377.0,55.0,40.672096,-73.83592,651.421052631579,0.004
200,"Beach 90 St (A,S)",Queens,11355.0,434.0,40.588036,-73.813644,597.6315789473684,0.038
197,Aqueduct-N Conduit Av (A),Queens,11220.0,81.0,40.668236,-73.83406,590.5263157894736,0.007
207,Beach 36 St (A),Queens,9586.0,412.0,40.595398,-73.76817,504.5263157894737,0.043
502,Tompkinsville (SIR),Staten Island,8799.0,1015.0,40.636948,-74.07484,463.10526315789474,0.115
203,"Rockaway Park-Beach 116 St (A,S)",Queens,8659.0,436.0,40.580902,-73.835594,455.7368421052632,0.05
206,Beach 44 St (A),Queens,7552.0,34.0,40.59294,-73.77602,397.4736842105263,0.005
201,"Beach 98 St (A,S)",Queens,3803.0,24.0,40.585308,-73.82056,200.1578947368421,0.006
199,"Broad Channel (A,S)",Queens,3640.0,101.0,40.608383,-73.815926,191.57894736842104,0.028
202,"Beach 105 St (A,S)",Queens,2690.0,38.0,40.58321,-73.82756,141.57894736842104,0.014
